Box,DogName,FormNumber,Trainer,SexAge,Weight,Draw,CareerWins,CareerPlaces,CareerStarts,PrizeMoney,RTC,DLR,DLW,RaceNumber,RaceDate,RaceTime,Track,Distance,BestTimeSec,Last3TimesSec,SectionalSec,Margins,BoxBiasFactor,TrackConditionAdj,Speed_kmh,EarlySpeedIndex,FinishConsistency,MarginAvg,FormMomentum,ConsistencyIndex,RecentFormBoost,DistanceSuit,TrainerStrikeRate,RestFactor,OverexposedPenalty,FinalScore
1,Visibility,25243,Kaylene Hatzi,2d,0.0,1,0,4,13,1855.0,14,7,Mdn,1,2025-10-19,06:52PM,BROKEN HILL,375,,,,"[5.0, 6.3, 10.3]",0.1,1.0,,,,7.2,2.6500000000000004,0.0,0.5,0.7,0.15,0.8,0.0,
3,Vision,54825,Judith Hurley,3d,0.0,3,1,3,9,1720.0,7,5,192,1,2025-10-19,06:52PM,BROKEN HILL,375,,,,"[5.0, 6.3, 10.3]",0.1,1.0,,,,7.2,2.6500000000000004,0.1111111111111111,1.0,0.7,0.15,0.8,0.0,
5,Super Wings,34657,Clayton Trengove,3b,0.0,5,1,3,11,1565.0,12,7,64,1,2025-10-19,06:52PM,BROKEN HILL,375,,,,"[5.0, 6.3, 10.3]",0.1,1.0,,,,7.2,2.6500000000000004,0.09090909090909091,0.5,0.7,0.15,0.8,0.0,
6,Archer Eleven,34443,Judith Hurley,2b,0.0,6,1,7,21,2375.0,22,22,82,1,2025-10-19,06:52PM,BROKEN HILL,375,,,,"[5.0, 6.3, 10.3]",0.1,1.0,,,,7.2,2.6500000000000004,0.047619047619047616,0.0,0.7,0.15,0.8,0.0,
8,Wrinkled Henry,53132,Susan Gray,2d,0.0,8,1,5,7,3340.0,8,7,28,1,2025-10-19,06:52PM,BROKEN HILL,375,21.61,"[22.67, 21.61, 22.03]",8.36,"[5.0, 6.3, 10.3]",0.1,1.0,62.47107820453493,44.856459330143544,0.43583891009816494,7.2,2.6500000000000004,0.14285714285714285,0.5,0.7,0.15,0.8,0.0,26.473731099740675
9,xWhiskey Neat,3725,Susan Gray,2b,0.0,2,0,8,11,2615.0,FU,322,Mdn,1,2025-10-19,06:52PM,BROKEN HILL,375,21.83,"[23.01, 22.17, 22.15]",,"[5.0, 6.3, 10.3]",0.1,1.0,61.84150251946863,,0.400777023071711,7.2,2.6500000000000004,0.0,0.0,0.7,0.15,0.8,0.0,12.752339355047313
10,Lethal Riot,34636,Tegan Gray,2d,0.0,10,0,11,23,3645.0,14,7,Mdn,1,2025-10-19,06:52PM,BROKEN HILL,375,21.93,"[22.67, 22.03, 21.93]",,"[5.0, 6.3, 10.3]",0.1,1.0,61.55950752393981,,0.3278210894171806,7.2,2.6500000000000004,0.0,0.5,0.7,0.15,0.8,0.0,12.845292559258821
1,Bar Room Roses,18611,Terry Gaiter,3b,0.0,1,11,18,50,23505.0,26,7,7,2,2025-10-19,07:14PM,BROKEN HILL,375,21.67,"[22.18, 21.67, 22.05]",,"[5.0, 6.3, 10.3]",0.1,1.0,62.298107983387176,,0.21638443156156564,7.2,2.6500000000000004,0.22,0.5,0.7,0.15,0.8,0.0,14.995440818255517
2,Edgy Girl,14623,Rodney Millington,3b,0.0,2,11,8,35,20285.0,14,7,42,2,2025-10-19,07:14PM,BROKEN HILL,375,21.74,"[21.76, 21.74]",,"[5.0, 6.3, 10.3]",0.1,1.0,62.097516099356035,,0.010000000000001563,7.2,2.6500000000000004,0.3142857142857143,0.5,0.7,0.15,0.8,0.0,14.632431791299782
4,Fireworks,33351,Clayton Trengove,4b,0.0,4,19,42,97,54830.0,98,7,7,2,2025-10-19,07:14PM,BROKEN HILL,375,21.74,"[21.76, 21.74, 21.76]",,"[5.0, 6.3, 10.3]",0.1,1.0,62.097516099356035,,0.009428090415822106,7.2,2.6500000000000004,0.1958762886597938,0.5,0.7,0.15,0.8,-0.1,17.97506225325798
8,Zipping Mufasa,14314,Judith Hurley,3d,0.0,8,10,13,39,21840.0,40,11,18,2,2025-10-19,07:14PM,BROKEN HILL,375,18.87,"[25.59, 18.87]",6.42,"[5.0, 6.3, 10.3]",0.1,1.0,71.54213036565977,58.41121495327103,3.3599999999999994,7.2,2.6500000000000004,0.2564102564102564,0.0,0.7,0.15,0.8,0.0,34.31193158475428
2,Archer Nine,22446,Judith Hurley,2b,0.0,2,7,15,54,8700.0,55,4,46,3,2025-10-19,07:35PM,BROKEN HILL,525,16.37,"[22.81, 22.68, 16.37]",4.46,"[5.0, 6.3, 10.3]",0.1,1.0,115.45510079413562,117.71300448430493,3.005672415062337,7.2,2.6500000000000004,0.12962962962962962,1.0,0.7,0.15,0.8,0.0,42.25485918341349
4,Takumi Bale,24721,Clayton Trengove,3d,0.0,4,13,19,67,50925.0,68,7,7,3,2025-10-19,07:35PM,BROKEN HILL,525,29.91,"[30.53, 30.38, 30.07]",5.03,"[5.0, 6.3, 10.3]",0.1,1.0,63.18956870611835,104.37375745526839,0.19154343864744874,7.2,2.6500000000000004,0.19402985074626866,0.5,0.7,0.15,0.8,0.0,35.65114711098543
7,Who Knows Gus,46132,Judith Hurley,4d,0.0,7,8,21,46,30355.0,12,7,21,3,2025-10-19,07:35PM,BROKEN HILL,525,21.69,"[30.53, 30.38, 30.05]",4.49,"[5.0, 6.3, 10.3]",0.1,1.0,87.13692946058092,116.92650334075724,0.2004993765576342,7.2,2.6500000000000004,0.17391304347826086,0.5,0.7,0.15,0.8,0.0,39.69367263358999
8,Mango Cans,48413,Clayton Trengove,3d,0.0,8,18,19,58,35425.0,37,7,14,3,2025-10-19,07:35PM,BROKEN HILL,525,29.95,"[30.07, 29.95]",,"[5.0, 6.3, 10.3]",0.1,1.0,63.10517529215359,,0.0600000000000005,7.2,2.6500000000000004,0.3103448275862069,0.5,0.7,0.15,0.8,0.0,13.223845259340283
1,Qwerty,71434,Kaylene Hatzi,2b,0.0,1,10,13,34,19900.0,35,7,35,4,2025-10-19,07:53PM,BROKEN HILL,375,,,,"[5.0, 6.3, 10.3]",0.1,1.0,,,,7.2,2.6500000000000004,0.29411764705882354,0.5,0.7,0.15,0.8,0.0,
2,Maximus Will,55145,Kaylene Hatzi,3d,0.0,2,13,24,64,29670.0,65,7,28,4,2025-10-19,07:53PM,BROKEN HILL,375,21.67,"[21.76, 21.93, 21.67]",,"[5.0, 6.3, 10.3]",0.1,1.0,62.298107983387176,,0.10780641085864065,7.2,2.6500000000000004,0.203125,0.5,0.7,0.15,0.8,0.0,15.604824417220371
4,Cobble Giblet,22456,Judith Hurley,3b,0.0,4,9,16,58,18835.0,59,4,131,4,2025-10-19,07:53PM,BROKEN HILL,375,16.63,"[22.73, 16.63, 19.89]",4.43,"[5.0, 6.3, 10.3]",0.1,1.0,81.17859290438966,84.65011286681717,2.4922814180318142,7.2,2.6500000000000004,0.15517241379310345,1.0,0.7,0.15,0.8,0.0,43.85688375320398
5,Sweet Pea,17361,Kaylene Hatzi,5b,0.0,5,14,28,69,31695.0,12,7,7,4,2025-10-19,07:53PM,BROKEN HILL,375,,,,"[5.0, 6.3, 10.3]",0.1,1.0,,,,7.2,2.6500000000000004,0.2028985507246377,0.5,0.7,0.15,0.8,0.0,
7,Del Mar Jessie,61522,Kaylene Hatzi,2b,0.0,7,6,6,21,9725.0,22,7,35,4,2025-10-19,07:53PM,BROKEN HILL,375,,,,"[5.0, 6.3, 10.3]",0.1,1.0,,,,7.2,2.6500000000000004,0.2857142857142857,0.5,0.7,0.15,0.8,0.0,
8,Uncontested,35321,Kaylene Hatzi,4b,0.0,8,12,31,90,30375.0,31,7,7,4,2025-10-19,07:53PM,BROKEN HILL,375,21.93,"[22.03, 21.93]",,"[5.0, 6.3, 10.3]",0.1,1.0,61.55950752393981,,0.05000000000000071,7.2,2.6500000000000004,0.13333333333333333,0.5,0.7,0.15,0.8,-0.1,15.417734838121296
1,High Flux,15223,Brock Wilson,5b,0.0,1,10,20,63,26280.0,20,7,56,5,2025-10-19,08:14PM,BROKEN HILL,525,29.95,"[30.87, 29.95]",,"[5.0, 6.3, 10.3]",0.1,1.0,63.10517529215359,,0.46000000000000085,7.2,2.6500000000000004,0.15873015873015872,0.5,0.7,0.15,0.8,0.0,12.319022325569073
2,Skedaddle Percy,13111,Regan Edgecumbe,2d,0.0,2,5,7,20,9825.0,16,7,7,5,2025-10-19,08:14PM,BROKEN HILL,525,21.86,"[22.06, 21.93, 21.95]",,"[5.0, 6.3, 10.3]",0.1,1.0,86.45928636779506,,0.057154760664940435,7.2,2.6500000000000004,0.25,0.5,0.7,0.15,0.8,0.0,14.154608431235754
5,Raven Zaylee,51452,Clayton Trengove,2b,0.0,5,3,8,18,7575.0,19,7,35,5,2025-10-19,08:14PM,BROKEN HILL,525,,,,"[5.0, 6.3, 10.3]",0.1,1.0,,,,7.2,2.6500000000000004,0.16666666666666666,0.5,0.7,0.15,0.8,0.0,
7,Husky Sing,57144,Susan Gray,3b,0.0,7,5,9,36,14455.0,31,7,35,5,2025-10-19,08:14PM,BROKEN HILL,525,29.95,"[30.87, 29.95]",,"[5.0, 6.3, 10.3]",0.1,1.0,63.10517529215359,,0.46000000000000085,7.2,2.6500000000000004,0.1388888888888889,0.5,0.7,0.15,0.8,0.0,11.13255407160082
8,Skedaddle Boss,63311,Regan Edgecumbe,2d,0.0,8,5,22,42,15315.0,43,7,7,5,2025-10-19,08:14PM,BROKEN HILL,525,30.87,[30.87],,"[5.0, 6.3, 10.3]",0.1,1.0,61.224489795918366,,0.0,7.2,2.6500000000000004,0.11904761904761904,0.5,0.7,0.15,0.8,0.0,10.88648299319728
1,Who Knows Wendy,56335,Kaylene Hatzi,4b,0.0,1,7,30,72,21905.0,23,7,70,6,2025-10-19,08:36PM,BROKEN HILL,375,,,,"[5.0, 6.3, 10.3]",0.1,1.0,,,,7.2,2.6500000000000004,0.09722222222222222,0.5,0.7,0.15,0.8,0.0,
2,Del Mar Beeper,22166,Kaylene Hatzi,2d,0.0,2,4,6,17,8255.0,18,7,28,6,2025-10-19,08:36PM,BROKEN HILL,375,,,,"[5.0, 6.3, 10.3]",0.1,1.0,,,,7.2,2.6500000000000004,0.23529411764705882,0.5,0.7,0.15,0.8,0.0,
3,Simpkin,62222,Tegan Gray,2d,0.0,3,3,9,33,8245.0,29,7,63,6,2025-10-19,08:36PM,BROKEN HILL,375,18.34,"[21.69, 21.8, 21.92]",6.44,"[5.0, 6.3, 10.3]",0.1,1.0,73.60959651035986,58.22981366459627,0.09392668535736932,7.2,2.6500000000000004,0.09090909090909091,0.5,0.7,0.15,0.8,0.0,33.18165064480962
7,Masked Riot,87645,Susan Gray,2b,0.0,7,3,5,23,6270.0,16,7,63,6,2025-10-19,08:36PM,BROKEN HILL,375,21.63,"[22.06, 21.8, 21.63]",,"[5.0, 6.3, 10.3]",0.1,1.0,62.41331484049931,,0.1768238294649977,7.2,2.6500000000000004,0.13043478260869565,0.5,0.7,0.15,0.8,0.0,13.284047637833984
8,Who Knows,54446,Terry Gaiter,3d,0.0,8,7,15,53,13965.0,27,7,175,6,2025-10-19,08:36PM,BROKEN HILL,375,,,,"[5.0, 6.3, 10.3]",0.1,1.0,,,,7.2,2.6500000000000004,0.1320754716981132,0.5,0.7,0.15,0.8,0.0,
1,Del Mar Deb,25221,Kaylene Hatzi,2b,0.0,1,3,6,17,6665.0,18,7,7,7,2025-10-19,08:58PM,BROKEN HILL,375,,,,"[5.0, 6.3, 10.3]",0.1,1.0,,,,7.2,2.6500000000000004,0.17647058823529413,0.5,0.7,0.15,0.8,0.0,
2,Franky Be Good,57478,Terry Gaiter,3d,0.0,2,1,7,25,3275.0,26,7,70,7,2025-10-19,08:58PM,BROKEN HILL,375,19.93,"[22.67, 22.03, 22.25]",4.64,"[5.0, 6.3, 10.3]",0.1,1.0,67.7370797792273,80.81896551724138,0.26549743668986536,7.2,2.6500000000000004,0.04,0.5,0.7,0.15,0.8,0.0,38.29038048285235
3,Adhana Phillip,53646,Judith Hurley,2d,0.0,3,2,4,19,1480.0,20,5,40,7,2025-10-19,08:58PM,BROKEN HILL,375,,,,"[5.0, 6.3, 10.3]",0.1,1.0,,,,7.2,2.6500000000000004,0.10526315789473684,1.0,0.7,0.15,0.8,0.0,
4,Miami Riot,22575,Tegan Gray,2b,0.0,4,2,5,23,4655.0,18,7,343,7,2025-10-19,08:58PM,BROKEN HILL,375,21.61,"[21.8, 21.61, 22.03]",,"[5.0, 6.3, 10.3]",0.1,1.0,62.47107820453493,,0.17172329163188413,7.2,2.6500000000000004,0.08695652173913043,0.5,0.7,0.15,0.8,0.0,13.129497457662495
6,Camel Camp,66253,Graham Whitford,4b,0.0,6,4,16,51,12285.0,26,7,224,7,2025-10-19,08:58PM,BROKEN HILL,375,,,,"[5.0, 6.3, 10.3]",0.1,1.0,,,,7.2,2.6500000000000004,0.0784313725490196,0.5,0.7,0.15,0.8,0.0,
7,Maybe Time,67425,Wade Hipwell,3b,0.0,7,2,8,18,4690.0,13,7,210,7,2025-10-19,08:58PM,BROKEN HILL,375,21.86,"[22.67, 22.03, 22.03]",,"[5.0, 6.3, 10.3]",0.1,1.0,61.75663311985362,,0.30169889330626054,7.2,2.6500000000000004,0.1111111111111111,0.5,0.7,0.15,0.8,0.0,12.99902267974715
8,Ronny's Return,46457,Kaylene Hatzi,3d,0.0,8,5,10,52,10755.0,29,7,56,7,2025-10-19,08:58PM,BROKEN HILL,375,,,,"[5.0, 6.3, 10.3]",0.1,1.0,,,,7.2,2.6500000000000004,0.09615384615384616,0.5,0.7,0.15,0.8,0.0,
1,Introduced,52257,Kaylene Hatzi,2b,0.0,1,3,5,21,2720.0,22,7,64,8,2025-10-19,09:16PM,BROKEN HILL,375,,,,"[5.0, 6.3, 10.3]",0.1,1.0,,,,7.2,2.6500000000000004,0.14285714285714285,0.5,0.7,0.15,0.8,0.0,
2,Possible,82314,Clayton Trengove,2b,0.0,2,3,14,31,8805.0,32,7,14,8,2025-10-19,09:16PM,BROKEN HILL,375,,,,"[5.0, 6.3, 10.3]",0.1,1.0,,,,7.2,2.6500000000000004,0.0967741935483871,0.5,0.7,0.15,0.8,0.0,
3,Computer Man,71473,Lorraine Robertson,2d,0.0,3,4,8,25,5790.0,22,7,35,8,2025-10-19,09:16PM,BROKEN HILL,375,21.8,"[21.93, 21.8, 21.92]",,"[5.0, 6.3, 10.3]",0.1,1.0,61.92660550458716,,0.05906681715556445,7.2,2.6500000000000004,0.16,0.5,0.7,0.15,0.8,0.0,13.135774441775213
4,Mason Kai,12255,Kaylene Hatzi,3d,0.0,4,4,18,59,12980.0,60,7,49,8,2025-10-19,09:16PM,BROKEN HILL,375,21.93,"[21.93, 22.12]",,"[5.0, 6.3, 10.3]",0.1,1.0,61.55950752393981,,0.09500000000000064,7.2,2.6500000000000004,0.06779661016949153,0.5,0.7,0.15,0.8,0.0,13.773931165804912
6,Black Spaniard,67574,Tammy Carswell,3d,0.0,6,11,11,52,21080.0,26,7,189,8,2025-10-19,09:16PM,BROKEN HILL,375,21.46,"[21.69, 22.04, 21.67]",8.82,"[5.0, 6.3, 10.3]",0.1,1.0,62.90773532152843,42.517006802721085,0.16990193249832766,7.2,2.6500000000000004,0.21153846153846154,0.5,0.7,0.15,0.8,0.0,27.62679804790078
7,Harper,31474,Graham Whitford,3b,0.0,7,6,20,46,17210.0,23,7,77,8,2025-10-19,09:16PM,BROKEN HILL,375,,,,"[5.0, 6.3, 10.3]",0.1,1.0,,,,7.2,2.6500000000000004,0.13043478260869565,0.5,0.7,0.15,0.8,0.0,
8,Unacceptable Axe,52336,Judith Hurley,3d,0.0,8,3,8,19,5585.0,14,7,42,8,2025-10-19,09:16PM,BROKEN HILL,375,,,,"[5.0, 6.3, 10.3]",0.1,1.0,,,,7.2,2.6500000000000004,0.15789473684210525,0.5,0.7,0.15,0.8,0.0,
1,Chicken Knight,52634,Judith Hurley,3d,0.0,1,12,25,61,19070.0,50,4,119,9,2025-10-19,09:37PM,BROKEN HILL,375,16.42,"[22.81, 16.69, 19.91]",4.3,"[5.0, 6.3, 10.3]",0.1,1.0,82.21680876979292,87.2093023255814,2.499617748554543,7.2,2.6500000000000004,0.19672131147540983,1.0,0.7,0.15,0.8,0.0,44.86030547020827
2,Croatian Comet,52642,Clayton Trengove,3d,0.0,2,11,25,64,22300.0,65,7,63,9,2025-10-19,09:37PM,BROKEN HILL,375,21.67,"[22.03, 21.93, 21.67]",,"[5.0, 6.3, 10.3]",0.1,1.0,62.298107983387176,,0.15173075568988015,7.2,2.6500000000000004,0.171875,0.5,0.7,0.15,0.8,0.0,14.866895634461933
3,Iceni Lethal,33567,Tegan Gray,4d,0.0,3,4,12,53,10610.0,24,7,336,9,2025-10-19,09:37PM,BROKEN HILL,375,21.69,"[21.69, 21.99, 22.05]",,"[5.0, 6.3, 10.3]",0.1,1.0,62.24066390041494,,0.15748015748023556,7.2,2.6500000000000004,0.07547169811320754,0.5,0.7,0.15,0.8,0.0,13.677053957768322
4,Del Mar Sal,43361,Kaylene Hatzi,2b,0.0,4,3,8,20,7385.0,21,7,7,9,2025-10-19,09:37PM,BROKEN HILL,375,,,,"[5.0, 6.3, 10.3]",0.1,1.0,,,,7.2,2.6500000000000004,0.15,0.5,0.7,0.15,0.8,0.0,
7,He's A Riddler,43512,Kaylene Hatzi,2d,0.0,7,4,20,43,11000.0,44,7,14,9,2025-10-19,09:37PM,BROKEN HILL,375,21.69,"[21.69, 21.8]",,"[5.0, 6.3, 10.3]",0.1,1.0,62.24066390041494,,0.054999999999999716,7.2,2.6500000000000004,0.09302325581395349,0.5,0.7,0.15,0.8,0.0,13.712685105664384
8,Rivia Thea,72724,Benjamin Wilson,2b,0.0,8,5,8,22,10185.0,23,7,63,9,2025-10-19,09:37PM,BROKEN HILL,375,21.63,"[22.06, 21.63]",,"[5.0, 6.3, 10.3]",0.1,1.0,62.41331484049931,,0.21499999999999986,7.2,2.6500000000000004,0.22727272727272727,0.5,0.7,0.15,0.8,0.0,13.687140240827137
1,Aussie Raven,33758,Christopher Watson,2d,0.0,1,0,2,5,420.0,6,8,Mdn,1,2025-10-16,03:09PM,BENDIGO,425,,,,"[5.0, 6.3, 10.3]",0.1,1.0,,,,7.2,2.6500000000000004,0.0,0.5,0.7,0.15,0.8,0.0,
2,Trenton's Empire,57626,Ava Torr,1b,0.0,2,0,1,6,320.0,7,7,Mdn,1,2025-10-16,03:09PM,BENDIGO,425,24.55,[24.55],6.64,"[5.0, 6.3, 10.3]",0.1,1.0,62.32179226069247,64.00602409638554,0.0,7.2,2.6500000000000004,0.0,0.5,0.7,0.15,0.8,0.0,28.64536447623488
6,Space King,52732,Paul May,2d,0.0,6,0,6,16,2050.0,17,8,Mdn,1,2025-10-16,03:09PM,BENDIGO,425,23.01,"[24.67, 23.01]",6.65,"[5.0, 6.3, 10.3]",0.1,1.0,66.4928292046936,63.909774436090224,0.8300000000000001,7.2,2.6500000000000004,0.0,0.5,0.7,0.15,0.8,0.0,29.670009449961277
8,Aston Coast,5623,Angela Bigham,2d,0.0,8,0,2,4,480.0,5,8,Mdn,1,2025-10-16,03:09PM,BENDIGO,425,24.77,[24.77],6.67,"[5.0, 6.3, 10.3]",0.1,1.0,61.76826806620913,63.71814092953523,0.0,7.2,2.6500000000000004,0.0,0.5,0.7,0.15,0.8,0.0,28.478688845625634
1,Big Bruce,63776,Constance McMillan,3d,0.0,1,1,10,45,3530.0,46,31,91,2,2025-10-16,03:34PM,BENDIGO,425,22.47,"[22.47, 23.6, 25.06]",8.32,"[5.0, 6.3, 10.3]",0.1,1.0,68.09078771695594,51.08173076923077,1.060220102934606,7.2,2.6500000000000004,0.022222222222222223,0.0,0.7,0.15,0.8,0.0,26.895434574178946
2,Super Seafarer,36552,Raymond Farquhar,2d,0.0,2,1,8,20,2925.0,20,3,291,2,2025-10-16,03:34PM,BENDIGO,425,22.28,"[22.28, 25.54, 22.86]",6.72,"[5.0, 6.3, 10.3]",0.1,1.0,68.67145421903052,63.24404761904762,1.4199530508670577,7.2,2.6500000000000004,0.05,1.0,0.7,0.15,0.8,0.0,30.11380040111137
4,Salt Speckle,33465,Dean Elliot,2b,0.0,4,1,6,12,2855.0,7,15,166,2,2025-10-16,03:34PM,BENDIGO,425,22.4,"[24.4, 22.4]",6.68,"[5.0, 6.3, 10.3]",0.1,1.0,68.30357142857144,63.622754491017965,1.0,7.2,2.6500000000000004,0.08333333333333333,0.0,0.7,0.15,0.8,0.0,30.01190290846878
6,Aston Crypto,63715,Natasha Fullerton,2d,0.0,6,1,2,9,2535.0,10,16,23,2,2025-10-16,03:34PM,BENDIGO,425,22.58,"[23.74, 24.07, 22.58]",6.62,"[5.0, 6.3, 10.3]",0.1,1.0,67.75907883082375,64.19939577039275,0.638974873440959,7.2,2.6500000000000004,0.1111111111111111,0.0,0.7,0.15,0.8,0.0,30.00128011910165
8,Darra Mick,62085,Jenny Weber,4d,0.0,8,1,4,21,2060.0,20,35,177,2,2025-10-16,03:34PM,BENDIGO,425,24.74,"[25.64, 24.74]",6.6,"[5.0, 6.3, 10.3]",0.1,1.0,61.84316895715441,64.39393939393939,0.45000000000000107,7.2,2.6500000000000004,0.047619047619047616,0.0,0.7,0.15,0.8,0.0,28.80026149705859
1,Monaleen Hugh,57254,Donna Robertson,3d,0.0,1,2,4,17,5745.0,18,50,148,3,2025-10-16,03:57PM,BENDIGO,425,22.24,"[28.49, 24.2, 25.79]",3.98,"[5.0, 6.3, 10.3]",0.1,1.0,68.79496402877699,106.78391959798995,1.7708190195499933,7.2,2.6500000000000004,0.11764705882352941,0.0,0.7,0.15,0.8,0.0,41.23316071505391
6,Weaponry,14134,Aaron Debattista,2b,0.0,6,2,1,6,3230.0,7,50,61,3,2025-10-16,03:57PM,BENDIGO,425,,,,"[5.0, 6.3, 10.3]",0.1,1.0,,,,7.2,2.6500000000000004,0.3333333333333333,0.0,0.7,0.15,0.8,0.0,
1,Aston Summit,35114,Mark McClelland,2d,0.0,1,2,1,6,2485.0,7,6,12,4,2025-10-16,04:24PM,BENDIGO,500,,,,"[5.0, 6.3, 10.3]",0.1,1.0,,,,7.2,2.6500000000000004,0.3333333333333333,0.5,0.7,0.15,0.8,0.0,
2,Dark Miracle,62631,Donna Robertson,3d,0.0,2,2,9,25,7895.0,26,39,39,4,2025-10-16,04:24PM,BENDIGO,500,24.06,"[28.49, 25.75, 24.06]",6.66,"[5.0, 6.3, 10.3]",0.1,1.0,74.81296758104739,75.07507507507508,1.8253949344365634,7.2,2.6500000000000004,0.08,0.0,0.7,0.15,0.8,0.0,34.72163203170007
4,Carley's Image,4712,Donna Robertson,2b,0.0,4,1,1,4,2665.0,5,39,48,4,2025-10-16,04:24PM,BENDIGO,500,25.56,"[28.7, 25.56]",6.6,"[5.0, 6.3, 10.3]",0.1,1.0,70.42253521126761,75.75757575757576,1.5700000000000003,7.2,2.6500000000000004,0.25,0.0,0.7,0.15,0.8,0.0,33.50390098164746
5,Shrek's Brother,67465,Martin Hanke,2d,0.0,5,2,3,22,5520.0,22,12,150,4,2025-10-16,04:24PM,BENDIGO,500,29.72,"[34.4, 29.72]",5.04,"[5.0, 6.3, 10.3]",0.1,1.0,60.56527590847914,99.2063492063492,2.34,7.2,2.6500000000000004,0.09090909090909091,0.0,0.7,0.15,0.8,0.0,37.69477884691949
7,Aunty Faye,44613,Angela Bigham,3b,0.0,7,2,1,12,2720.0,13,29,36,4,2025-10-16,04:24PM,BENDIGO,500,25.35,"[30.34, 28.71, 28.43]",5.15,"[5.0, 6.3, 10.3]",0.1,1.0,71.00591715976331,97.08737864077669,0.8421797116213774,7.2,2.6500000000000004,0.16666666666666666,0.0,0.7,0.15,0.8,0.0,38.90963707772789
8,Aston Cleese,13258,Mark McClelland,2d,0.0,8,2,2,10,2885.0,11,5,56,4,2025-10-16,04:24PM,BENDIGO,500,,,,"[5.0, 6.3, 10.3]",0.1,1.0,,,,7.2,2.6500000000000004,0.2,1.0,0.7,0.15,0.8,0.0,
1,McIvor Olly,63273,Aaron Blake,3d,0.0,1,4,28,87,14230.0,88,4,232,5,2025-10-16,04:44PM,BENDIGO,500,22.4,"[35.34, 35.3, 30.05]",4.49,"[5.0, 6.3, 10.3]",0.1,1.0,80.35714285714286,111.35857461024499,2.484355494332931,7.2,2.6500000000000004,0.04597701149425287,1.0,0.7,0.15,0.8,-0.1,45.562686550430605
3,Auntie Amber,56254,Rodney Clark,3b,0.0,3,5,14,44,13165.0,45,5,80,5,2025-10-16,04:44PM,BENDIGO,500,,,,"[5.0, 6.3, 10.3]",0.1,1.0,,,,7.2,2.6500000000000004,0.11363636363636363,1.0,0.7,0.15,0.8,0.0,
4,Bacardi Girl,68345,Barry Vaughan,2b,0.0,4,3,7,17,5070.0,18,6,90,5,2025-10-16,04:44PM,BENDIGO,500,19.48,"[23.93, 31.03, 19.48]",4.57,"[5.0, 6.3, 10.3]",0.1,1.0,92.40246406570841,109.40919037199124,4.756457598769161,7.2,2.6500000000000004,0.17647058823529413,0.5,0.7,0.15,0.8,0.0,46.75158387431323
6,Aston Hooked,47718,Natasha Fullerton,3d,0.0,6,5,3,25,8665.0,26,6,15,5,2025-10-16,04:44PM,BENDIGO,500,22.87,"[30.11, 28.33, 25.37]",5.12,"[5.0, 6.3, 10.3]",0.1,1.0,78.70572802798426,97.65625,1.954982239191843,7.2,2.6500000000000004,0.2,0.5,0.7,0.15,0.8,0.0,41.29695721755645
7,Aston Joplin,47843,Mark McClelland,2b,0.0,7,4,7,20,8685.0,21,5,80,5,2025-10-16,04:44PM,BENDIGO,500,,,,"[5.0, 6.3, 10.3]",0.1,1.0,,,,7.2,2.6500000000000004,0.2,1.0,0.7,0.15,0.8,0.0,
8,King Litterbug,85641,Jason Stemmer,2d,0.0,8,6,11,40,13630.0,41,8,8,5,2025-10-16,04:44PM,BENDIGO,500,19.41,"[28.98, 19.53, 19.41]",6.49,"[5.0, 6.3, 10.3]",0.1,1.0,92.73570324574962,77.04160246533128,4.483324659223332,7.2,2.6500000000000004,0.15,0.5,0.7,0.15,0.8,0.0,39.5647074984439
1,Kentucky Gus,43373,Jeff Gorgioski,4d,0.0,1,14,16,68,29540.0,26,5,129,6,2025-10-16,05:12PM,BENDIGO,425,17.03,"[22.18, 17.03]",3.88,"[5.0, 6.3, 10.3]",0.1,1.0,89.84145625366999,109.5360824742268,2.5749999999999993,7.2,2.6500000000000004,0.20588235294117646,1.0,0.7,0.15,0.8,0.0,48.663444222231874
2,Happy Buddha,35536,Julie Chilcott,4d,0.0,2,7,23,62,18725.0,53,5,37,6,2025-10-16,05:12PM,BENDIGO,425,21.91,"[22.18, 22.88, 21.99]",6.59,"[5.0, 6.3, 10.3]",0.1,1.0,69.83112733911457,64.49165402124432,0.38270963754087345,7.2,2.6500000000000004,0.11290322580645161,1.0,0.7,0.15,0.8,0.0,32.195209938882
4,Surf's Up,44284,Christian Schmidt,4d,0.0,4,7,26,60,37725.0,61,11,176,6,2025-10-16,05:12PM,BENDIGO,425,16.7,"[19.48, 16.7, 29.75]",3.84,"[5.0, 6.3, 10.3]",0.1,1.0,91.61676646706587,110.67708333333334,5.612523694580026,7.2,2.6500000000000004,0.11666666666666667,0.0,0.7,0.15,0.8,0.0,50.1607503114755
6,Can't Park There,16367,Samuel Webb,3d,0.0,6,8,26,64,18550.0,63,3,31,6,2025-10-16,05:12PM,BENDIGO,425,21.96,"[25.27, 21.96, 23.96]",4.39,"[5.0, 6.3, 10.3]",0.1,1.0,69.67213114754098,96.81093394077449,1.3610535135205615,7.2,2.6500000000000004,0.125,1.0,0.7,0.15,0.8,0.0,40.276462390377844
7,No Words,47713,Bruce Stirling,2d,0.0,7,13,8,47,23840.0,46,6,15,6,2025-10-16,05:12PM,BENDIGO,425,24.04,"[24.04, 24.45]",6.57,"[5.0, 6.3, 10.3]",0.1,1.0,63.643926788685526,64.68797564687975,0.20500000000000007,7.2,2.6500000000000004,0.2765957446808511,0.5,0.7,0.15,0.8,0.0,31.48401863115917
8,Aliir,15416,Trent Blacker,3b,0.0,8,5,6,22,9220.0,7,4,11,6,2025-10-16,05:12PM,BENDIGO,425,22.79,"[30.38, 22.79, 23.65]",4.42,"[5.0, 6.3, 10.3]",0.1,1.0,67.13470820535323,96.15384615384616,3.393467580841494,7.2,2.6500000000000004,0.22727272727272727,1.0,0.7,0.15,0.8,0.0,38.788667467665164
1,Atlas Alien,87264,Robert Hayes,3d,0.0,1,6,10,37,11575.0,38,5,78,7,2025-10-16,05:34PM,BENDIGO,425,,,,"[5.0, 6.3, 10.3]",0.1,1.0,,,,7.2,2.6500000000000004,0.16216216216216217,1.0,0.7,0.15,0.8,0.0,
2,Roscoe Bale,62351,Skye Webb,3d,0.0,2,10,23,53,27585.0,54,5,5,7,2025-10-16,05:34PM,BENDIGO,425,22.18,"[25.32, 22.57, 23.43]",6.52,"[5.0, 6.3, 10.3]",0.1,1.0,68.98106402164112,65.1840490797546,1.1486320366225016,7.2,2.6500000000000004,0.18867924528301888,1.0,0.7,0.15,0.8,0.0,33.13395856289045
3,Oriental Ophelia,81644,Rodney Clark,3b,0.0,3,14,17,76,32635.0,77,5,24,7,2025-10-16,05:34PM,BENDIGO,425,,,,"[5.0, 6.3, 10.3]",0.1,1.0,,,,7.2,2.6500000000000004,0.18421052631578946,1.0,0.7,0.15,0.8,0.0,
4,Canya Wildfire,26167,Natasha Fullerton,3d,0.0,4,4,7,33,9425.0,34,8,23,7,2025-10-16,05:34PM,BENDIGO,425,22.0,"[22.0, 23.55]",6.55,"[5.0, 6.3, 10.3]",0.1,1.0,69.54545454545455,64.88549618320612,0.7750000000000004,7.2,2.6500000000000004,0.12121212121212122,0.5,0.7,0.15,0.8,0.0,31.27739677307426
6,Darra Sapphire,71316,Jenny Weber,4b,0.0,6,6,15,32,14705.0,8,10,24,7,2025-10-16,05:34PM,BENDIGO,425,25.49,"[25.49, 25.92]",6.6,"[5.0, 6.3, 10.3]",0.1,1.0,60.02353864260495,64.39393939393939,0.21500000000000163,7.2,2.6500000000000004,0.1875,0.5,0.7,0.15,0.8,0.0,29.76006757700584
7,Atomic Diva,41286,Thomas Boehmke,3b,0.0,7,3,10,37,6235.0,38,3,26,7,2025-10-16,05:34PM,BENDIGO,425,24.24,"[27.87, 24.24, 25.77]",6.45,"[5.0, 6.3, 10.3]",0.1,1.0,63.11881188118812,65.89147286821705,1.4880188170853228,7.2,2.6500000000000004,0.08108108108108109,1.0,0.7,0.15,0.8,0.0,30.004193696308317
8,Morning Daisy,52164,Paul May,2b,0.0,8,3,6,19,5170.0,20,22,42,7,2025-10-16,05:34PM,BENDIGO,425,22.2,"[24.24, 22.2, 24.28]",6.6,"[5.0, 6.3, 10.3]",0.1,1.0,68.91891891891893,64.39393939393939,0.9712306054119636,7.2,2.6500000000000004,0.15789473684210525,0.0,0.7,0.15,0.8,0.0,30.569014373065546
1,Montana Icon,76512,Marien Sullivan,2d,0.0,1,5,18,47,13015.0,48,8,13,8,2025-10-16,05:54PM,BENDIGO,500,24.88,"[24.88, 25.61]",6.56,"[5.0, 6.3, 10.3]",0.1,1.0,72.34726688102894,76.21951219512195,0.3650000000000002,7.2,2.6500000000000004,0.10638297872340426,0.5,0.7,0.15,0.8,0.0,35.007538871794786
2,Rowdy's Beast,24121,Jason Stemmer,3b,0.0,2,8,14,44,17795.0,45,7,7,8,2025-10-16,05:54PM,BENDIGO,500,25.64,"[25.64, 25.82, 25.93]",6.54,"[5.0, 6.3, 10.3]",0.1,1.0,70.20280811232449,76.4525993883792,0.11953614051360706,7.2,2.6500000000000004,0.18181818181818182,0.5,0.7,0.15,0.8,0.0,35.113961003858094
3,Aston Record,11326,Cody Hose,3d,0.0,3,7,8,40,13345.0,39,36,58,8,2025-10-16,05:54PM,BENDIGO,500,26.1,"[26.14, 26.1]",6.58,"[5.0, 6.3, 10.3]",0.1,1.0,68.9655172413793,75.98784194528875,0.019999999999999574,7.2,2.6500000000000004,0.175,0.0,0.7,0.15,0.8,0.0,34.24931393459804
4,Mandolin Storm,13286,Martin Hanke,2b,0.0,4,8,15,56,14750.0,57,5,36,8,2025-10-16,05:54PM,BENDIGO,500,22.59,"[30.18, 27.73, 22.59]",5.1,"[5.0, 6.3, 10.3]",0.1,1.0,79.6812749003984,98.03921568627452,3.1628081755863025,7.2,2.6500000000000004,0.14285714285714285,1.0,0.7,0.15,0.8,0.0,42.2981278818562
6,Highland Jack,27375,Gary Hansen,3d,0.0,6,4,15,39,9210.0,40,3,57,8,2025-10-16,05:54PM,BENDIGO,500,27.87,"[27.87, 28.4]",6.41,"[5.0, 6.3, 10.3]",0.1,1.0,64.58557588805166,78.003120124805,0.2649999999999988,7.2,2.6500000000000004,0.10256410256410256,1.0,0.7,0.15,0.8,0.0,33.5650298241962
7,Lizard Country,35327,Alfred Debattista,3d,0.0,7,4,14,40,9090.0,41,13,148,8,2025-10-16,05:54PM,BENDIGO,500,28.18,"[28.18, 37.94]",6.42,"[5.0, 6.3, 10.3]",0.1,1.0,63.875088715401,77.88161993769471,4.879999999999999,7.2,2.6500000000000004,0.1,0.0,0.7,0.15,0.8,0.0,33.510922727503875
8,Penguin Pat,81451,Andrew Mooney,4d,0.0,8,16,29,98,33215.0,99,10,10,8,2025-10-16,05:54PM,BENDIGO,500,25.71,[25.71],6.57,"[5.0, 6.3, 10.3]",0.1,1.0,70.01166861143524,76.10350076103501,0.0,7.2,2.6500000000000004,0.16326530612244897,0.5,0.7,0.15,0.8,-0.1,36.42169870846416
1,Aston Hedland,45821,Cody Hose,2d,0.0,1,5,5,28,7780.0,29,6,6,9,2025-10-16,06:17PM,BENDIGO,425,22.53,"[24.04, 24.07, 22.53]",6.57,"[5.0, 6.3, 10.3]",0.1,1.0,67.90945406125167,64.68797564687975,0.7189962138673295,7.2,2.6500000000000004,0.17857142857142858,0.5,0.7,0.15,0.8,0.0,30.742120248949355
2,Hard Style Robbo,72142,Robert Hayes,3d,0.0,2,11,23,69,22105.0,32,5,22,9,2025-10-16,06:17PM,BENDIGO,425,16.7,"[24.02, 24.29, 16.7]",3.84,"[5.0, 6.3, 10.3]",0.1,1.0,91.61676646706587,110.67708333333334,3.516048918886084,7.2,2.6500000000000004,0.15942028985507245,1.0,0.7,0.15,0.8,0.0,48.60033961616907
5,Boulder Dash,71413,Scott Millard,3b,0.0,5,7,20,69,11495.0,70,5,12,9,2025-10-16,06:17PM,BENDIGO,425,22.17,"[22.17, 24.49]",6.69,"[5.0, 6.3, 10.3]",0.1,1.0,69.01217861975643,63.52765321375186,1.1599999999999984,7.2,2.6500000000000004,0.10144927536231885,1.0,0.7,0.15,0.8,0.0,31.1045664186936
7,Angry Ellie,88241,Aaron Campbell,3b,0.0,7,7,9,26,16560.0,27,10,10,9,2025-10-16,06:17PM,BENDIGO,425,17.24,"[17.24, 22.93, 22.99]",3.97,"[5.0, 6.3, 10.3]",0.1,1.0,88.74709976798144,107.0528967254408,2.6965451146894535,7.2,2.6500000000000004,0.2692307692307692,0.5,0.7,0.15,0.8,0.0,46.49135600607557
8,It's Bubble Time,56626,George Cini,2d,0.0,8,7,6,24,14795.0,23,36,80,9,2025-10-16,06:17PM,BENDIGO,425,26.05,[26.05],6.43,"[5.0, 6.3, 10.3]",0.1,1.0,58.73320537428023,66.09642301710731,0.0,7.2,2.6500000000000004,0.2916666666666667,0.0,0.7,0.15,0.8,0.0,29.891496829132876
2,Birdwood Franky,38261,Samuel Webb,2d,0.0,2,3,16,32,7740.0,33,5,5,10,2025-10-16,06:39PM,BENDIGO,425,,,,"[5.0, 6.3, 10.3]",0.1,1.0,,,,7.2,2.6500000000000004,0.09375,1.0,0.7,0.15,0.8,0.0,
3,Miss Jeckell,25178,David Plumridge,2b,0.0,3,6,9,40,9640.0,41,6,49,10,2025-10-16,06:39PM,BENDIGO,425,19.29,"[19.29, 22.87, 25.67]",3.95,"[5.0, 6.3, 10.3]",0.1,1.0,79.31570762052878,107.59493670886076,2.611104491717379,7.2,2.6500000000000004,0.15,0.5,0.7,0.15,0.8,0.0,44.02643092590681
4,Motivate,63856,Skye Webb,3d,0.0,4,5,12,43,8595.0,44,3,61,10,2025-10-16,06:39PM,BENDIGO,425,21.96,"[25.48, 21.96, 23.11]",6.59,"[5.0, 6.3, 10.3]",0.1,1.0,69.67213114754098,64.49165402124432,1.4655222808117097,7.2,2.6500000000000004,0.11627906976744186,1.0,0.7,0.15,0.8,0.0,31.20505770932498
6,Tornado Jack,55182,Thomas Boehmke,4d,0.0,6,11,14,77,14840.0,78,8,26,10,2025-10-16,06:39PM,BENDIGO,425,24.12,"[24.12, 24.2, 24.61]",6.5,"[5.0, 6.3, 10.3]",0.1,1.0,63.43283582089552,65.38461538461539,0.21463146709340286,7.2,2.6500000000000004,0.14285714285714285,0.5,0.7,0.15,0.8,0.0,30.696381155116192
7,Shima Ballad,47451,Alan Campbell,2d,0.0,7,4,4,18,10530.0,6,7,7,10,2025-10-16,06:39PM,BENDIGO,425,19.47,"[26.23, 26.32, 22.92]",6.49,"[5.0, 6.3, 10.3]",0.1,1.0,78.58243451463791,65.48536209553158,1.581988902896884,7.2,2.6500000000000004,0.2222222222222222,0.5,0.7,0.15,0.8,0.0,33.40076020528864
8,Codicil,17715,Marlene Schmidt,2d,0.0,8,4,2,15,5260.0,16,11,28,10,2025-10-16,06:39PM,BENDIGO,425,19.48,"[19.48, 26.51]",5.22,"[5.0, 6.3, 10.3]",0.1,1.0,78.54209445585217,81.4176245210728,3.5150000000000006,7.2,2.6500000000000004,0.26666666666666666,0.0,0.7,0.15,0.8,0.0,36.902075021438634
1,Beast Power,67666,Chananchida Sriboon,3d,0.0,1,3,7,35,5185.0,35,8,162,11,2025-10-16,06:58PM,BENDIGO,425,22.37,"[28.3, 24.58, 24.13]",6.51,"[5.0, 6.3, 10.3]",0.1,1.0,68.39517210549845,65.284178187404,1.8687428929630752,7.2,2.6500000000000004,0.08571428571428572,0.5,0.7,0.15,0.8,0.0,30.772373255455985
2,Aston Dunkel,21734,Mark McClelland,2d,0.0,2,4,9,30,6990.0,31,7,27,11,2025-10-16,06:58PM,BENDIGO,425,,,,"[5.0, 6.3, 10.3]",0.1,1.0,,,,7.2,2.6500000000000004,0.13333333333333333,0.5,0.7,0.15,0.8,0.0,
3,Moraine Piper,25486,Dean Elliot,2b,0.0,3,3,11,34,7330.0,35,15,64,11,2025-10-16,06:58PM,BENDIGO,425,19.14,"[19.14, 23.91, 24.45]",6.45,"[5.0, 6.3, 10.3]",0.1,1.0,79.93730407523512,65.89147286821705,2.3860846590177807,7.2,2.6500000000000004,0.08823529411764706,0.0,0.7,0.15,0.8,0.0,33.423368559169816
4,Midnight Shimmer,73232,Constance McMillan,3b,0.0,4,5,14,57,9430.0,54,21,127,11,2025-10-16,06:58PM,BENDIGO,425,23.2,"[23.2, 23.56]",5.38,"[5.0, 6.3, 10.3]",0.1,1.0,65.94827586206897,78.99628252788104,0.17999999999999972,7.2,2.6500000000000004,0.08771929824561403,0.0,0.7,0.15,0.8,0.0,34.001383699120886
6,Zambada Icon,85752,Robert Sullivan,3d,0.0,6,5,21,55,15160.0,31,7,92,11,2025-10-16,06:58PM,BENDIGO,425,25.45,"[25.64, 25.45]",6.52,"[5.0, 6.3, 10.3]",0.1,1.0,60.117878192534384,65.1840490797546,0.09500000000000064,7.2,2.6500000000000004,0.09090909090909091,0.5,0.7,0.15,0.8,0.0,30.001474272081893
7,Green Flash,28771,Rodney Clark,3b,0.0,7,14,26,79,48550.0,80,7,7,11,2025-10-16,06:58PM,BENDIGO,425,21.75,[21.75],6.59,"[5.0, 6.3, 10.3]",0.1,1.0,70.3448275862069,64.49165402124432,0.0,7.2,2.6500000000000004,0.17721518987341772,0.5,0.7,0.15,0.8,0.0,35.22096130103347
8,Clause Edward,18577,Natasha Fullerton,2d,0.0,8,3,7,22,4830.0,17,8,55,11,2025-10-16,06:58PM,BENDIGO,425,17.04,"[21.96, 23.91, 23.55]",4.03,"[5.0, 6.3, 10.3]",0.1,1.0,89.7887323943662,105.45905707196029,0.8472307831990051,7.2,2.6500000000000004,0.13636363636363635,0.5,0.7,0.15,0.8,0.0,45.0158268314778
1,Life's A Journey,22313,Robin Harnas,2d,0.0,1,6,11,29,10935.0,7,4,10,1,2025-10-16,06:37PM,Angle Park,530,30.92,"[31.22, 30.92, 31.21]",3.15,"[5.0, 6.3, 10.3]",0.1,1.0,61.707632600258734,168.25396825396825,0.1391242450313938,7.2,2.6500000000000004,0.20689655172413793,1.0,0.7,0.15,0.8,0.0,44.25323027568043
2,Ritza Wotton,21354,Tim Richards,3d,0.0,2,9,7,28,26910.0,10,6,25,1,2025-10-16,06:37PM,Angle Park,530,30.19,"[30.68, 30.5, 30.92]",3.19,"[5.0, 6.3, 10.3]",0.1,1.0,63.19973501159324,166.14420062695925,0.17204650534085328,7.2,2.6500000000000004,0.32142857142857145,0.5,0.7,0.15,0.8,0.0,45.62879074195063
4,Binnaway Warrior,12413,Nicole Price,2d,0.0,4,9,17,32,19450.0,33,6,13,1,2025-10-16,06:37PM,Angle Park,530,30.01,"[30.68, 30.77, 30.83]",3.15,"[5.0, 6.3, 10.3]",0.1,1.0,63.57880706431189,168.25396825396825,0.06164414002968922,7.2,2.6500000000000004,0.28125,0.5,0.7,0.15,0.8,0.0,45.342529124443395
5,Dakota Rylen,46362,Kerry Stagg,3d,0.0,5,14,15,51,61045.0,52,3,41,1,2025-10-16,06:37PM,Angle Park,530,18.91,"[30.88, 31.12, 30.5]",3.19,"[5.0, 6.3, 10.3]",0.1,1.0,100.89899524061343,166.14420062695925,0.25525586292102226,7.2,2.6500000000000004,0.27450980392156865,1.0,0.7,0.15,0.8,0.0,54.74611695856028
7,Rupee Mc Graw,41214,Damien Smith,3d,0.0,7,10,15,37,25165.0,18,6,11,1,2025-10-16,06:37PM,Angle Park,530,22.41,"[30.74, 22.51, 22.41]",1.87,"[5.0, 6.3, 10.3]",0.1,1.0,85.14056224899599,283.4224598930481,3.903442924735375,7.2,2.6500000000000004,0.2702702702702703,0.5,0.7,0.15,0.8,0.0,72.56397466248659
8,National Grid,22623,Tony Hinrichsen,3d,0.0,8,9,27,59,25895.0,39,7,101,1,2025-10-16,06:37PM,Angle Park,530,22.65,"[29.64, 31.12, 22.65]",4.4,"[5.0, 6.3, 10.3]",0.1,1.0,84.2384105960265,120.45454545454544,3.6937093671387977,7.2,2.6500000000000004,0.15254237288135594,0.5,0.7,0.15,0.8,0.0,39.86355009160321
1,Big Stretch,,Michael Giniotis,1d,0.0,1,0,0,0,0.0,FU,0,Mdn,2,2025-10-16,06:58PM,Angle Park,530,,,,"[5.0, 6.3, 10.3]",0.1,1.0,,,,7.2,2.6500000000000004,0.0,0.5,0.7,0.15,0.8,0.0,
2,Discouraged,26281,Judith Hurley,2d,0.0,2,1,5,11,1885.0,9,3,3,2,2025-10-16,06:58PM,Angle Park,530,,,,"[5.0, 6.3, 10.3]",0.1,1.0,,,,7.2,2.6500000000000004,0.09090909090909091,1.0,0.7,0.15,0.8,0.0,
4,Happy Hunter,,Zbigniew Wudarczyk,1b,0.0,4,0,0,0,0.0,FU,0,Mdn,2,2025-10-16,06:58PM,Angle Park,530,,,,"[5.0, 6.3, 10.3]",0.1,1.0,,,,7.2,2.6500000000000004,0.0,0.5,0.7,0.15,0.8,0.0,
5,Gebrselassie,3322,Brenda Oakey,2d,0.0,5,0,4,4,1980.0,5,28,Mdn,2,2025-10-16,06:58PM,Angle Park,530,,,,"[5.0, 6.3, 10.3]",0.1,1.0,,,,7.2,2.6500000000000004,0.0,0.0,0.7,0.15,0.8,0.0,
7,Hijinkery,,Michael Giniotis,1b,0.0,7,0,0,0,0.0,FU,0,Mdn,2,2025-10-16,06:58PM,Angle Park,530,,,,"[5.0, 6.3, 10.3]",0.1,1.0,,,,7.2,2.6500000000000004,0.0,0.5,0.7,0.15,0.8,0.0,
8,Wilma's Our Girl,,Zbigniew Wudarczyk,1b,0.0,8,0,0,0,0.0,FU,0,Mdn,2,2025-10-16,06:58PM,Angle Park,530,,,,"[5.0, 6.3, 10.3]",0.1,1.0,,,,7.2,2.6500000000000004,0.0,0.5,0.7,0.15,0.8,0.0,
9,Protege,,Michael Giniotis,1d,0.0,9,0,0,0,0.0,FU,0,Mdn,2,2025-10-16,06:58PM,Angle Park,530,,,,"[5.0, 6.3, 10.3]",0.1,1.0,,,,7.2,2.6500000000000004,0.0,0.5,0.7,0.15,0.8,0.0,
5,Iron Atlas,13226,Kim Johnstone,4d,0.0,5,17,27,64,78085.0,15,6,45,3,2025-10-16,07:19PM,Angle Park,530,19.48,"[30.92, 30.89, 31.02]",4.5,"[5.0, 6.3, 10.3]",0.1,1.0,97.94661190965093,117.77777777777777,0.055577773335109604,7.2,2.6500000000000004,0.265625,0.5,0.7,0.15,0.8,0.0,46.26223011933671
1,Fantastic Spike,11164,Liz Chegia,4d,0.0,1,32,28,75,124280.0,76,6,20,4,2025-10-16,07:40PM,Angle Park,530,19.71,"[30.67, 30.78, 25.64]",4.93,"[5.0, 6.3, 10.3]",0.1,1.0,96.80365296803653,107.50507099391481,2.3975125998973748,7.2,2.6500000000000004,0.4266666666666667,0.5,0.7,0.15,0.8,0.0,48.92214673731151
3,Mallee Beauty,51111,Cameron Butcher,3b,0.0,3,26,3,35,93275.0,20,6,6,4,2025-10-16,07:40PM,Angle Park,530,16.42,"[30.05, 29.92, 29.86]",4.3,"[5.0, 6.3, 10.3]",0.1,1.0,116.19975639464069,123.25581395348837,0.07930251502246914,7.2,2.6500000000000004,0.7428571428571429,0.5,0.7,0.15,0.8,0.0,51.71262792996745
7,Wreaking Havoc,35631,Colin Swain,4d,0.0,7,14,18,62,34610.0,54,4,4,4,2025-10-16,07:40PM,Angle Park,530,30.74,"[31.08, 30.87, 30.74]",3.2,"[5.0, 6.3, 10.3]",0.1,1.0,62.06896551724139,165.625,0.14007934259633772,7.2,2.6500000000000004,0.22580645161290322,1.0,0.7,0.15,0.8,0.0,46.153014052168416
1,Disco Zorro,23453,Richard Pearce,3d,0.0,1,6,8,24,6430.0,22,8,60,5,2025-10-16,07:58PM,Angle Park,530,23.04,"[31.16, 23.04, 30.75]",3.15,"[5.0, 6.3, 10.3]",0.1,1.0,82.8125,168.25396825396825,3.7349193059853683,7.2,2.6500000000000004,0.25,0.5,0.7,0.15,0.8,0.0,47.286660581392184
2,Red Emperor,72214,Nicole Price,3d,0.0,2,5,8,30,11692.0,31,6,17,5,2025-10-16,07:58PM,Angle Park,530,16.73,"[31.18, 30.9, 30.56]",4.48,"[5.0, 6.3, 10.3]",0.1,1.0,114.04662283323371,118.30357142857142,0.253508711224421,7.2,2.6500000000000004,0.16666666666666666,0.5,0.7,0.15,0.8,0.0,42.14309191515511
3,Disco Homer,64142,Vadim Roz,3d,0.0,3,4,2,12,2880.0,6,23,100,5,2025-10-16,07:58PM,Angle Park,530,,,,"[5.0, 6.3, 10.3]",0.1,1.0,,,,7.2,2.6500000000000004,0.3333333333333333,0.0,0.7,0.15,0.8,0.0,
4,Trophy Darts,41117,Paul Fagan,2d,0.0,4,5,4,20,5445.0,21,6,16,5,2025-10-16,07:58PM,Angle Park,530,19.5,"[31.18, 19.5, 19.64]",4.67,"[5.0, 6.3, 10.3]",0.1,1.0,97.84615384615384,113.49036402569594,5.473304912634291,7.2,2.6500000000000004,0.25,0.5,0.7,0.15,0.8,0.0,38.664326373325686
5,Booterstown,12133,Raymond Fewings,2d,0.0,5,7,11,21,9955.0,12,7,20,5,2025-10-16,07:58PM,Angle Park,530,16.72,"[25.59, 30.88, 22.17]",3.23,"[5.0, 6.3, 10.3]",0.1,1.0,114.11483253588517,164.08668730650155,3.583055803206096,7.2,2.6500000000000004,0.3333333333333333,0.5,0.7,0.15,0.8,0.0,51.502534588670365
6,Optimistic Reign,12612,Robyn MacKellar,2b,0.0,6,3,12,25,11155.0,26,4,8,5,2025-10-16,07:58PM,Angle Park,530,,,,"[5.0, 6.3, 10.3]",0.1,1.0,,,,7.2,2.6500000000000004,0.12,1.0,0.7,0.15,0.8,0.0,
7,He's A Mensch,23146,Kim Johnstone,2d,0.0,7,1,8,22,4530.0,23,4,21,5,2025-10-16,07:58PM,Angle Park,530,,,,"[5.0, 6.3, 10.3]",0.1,1.0,,,,7.2,2.6500000000000004,0.045454545454545456,1.0,0.7,0.15,0.8,0.0,
8,Capture My Soul,63322,Brenda Oakey,3b,0.0,8,6,29,67,21740.0,52,6,91,5,2025-10-16,07:58PM,Angle Park,530,23.41,"[31.18, 30.92, 30.9]",5.26,"[5.0, 6.3, 10.3]",0.1,1.0,81.50363092695429,100.76045627376426,0.12754084313139316,7.2,2.6500000000000004,0.08955223880597014,0.5,0.7,0.15,0.8,0.0,34.72980042587032
1,Ultimate,43332,Marcello Calicchio,4d,0.0,1,1,21,40,7760.0,18,9,590,6,2025-10-16,08:19PM,Angle Park,530,19.61,"[20.31, 22.9, 20.35]",4.62,"[5.0, 6.3, 10.3]",0.1,1.0,97.2972972972973,114.71861471861472,1.2116196689647376,7.2,2.6500000000000004,0.025,0.5,0.7,0.15,0.8,0.0,38.587979505214015
2,Nod Feeny,43445,Paul Fagan,2b,0.0,2,2,2,8,1580.0,9,6,52,6,2025-10-16,08:19PM,Angle Park,530,,,,"[5.0, 6.3, 10.3]",0.1,1.0,,,,7.2,2.6500000000000004,0.25,0.5,0.7,0.15,0.8,0.0,
3,Victa Graham,24134,Ron Schadow,1d,0.0,3,1,3,6,3815.0,7,7,35,6,2025-10-16,08:19PM,Angle Park,530,22.22,"[22.22, 22.29, 30.88]",3.41,"[5.0, 6.3, 10.3]",0.1,1.0,85.86858685868587,155.42521994134896,4.065964420241115,7.2,2.6500000000000004,0.16666666666666666,0.5,0.7,0.15,0.8,0.0,44.93426179243011
4,Victa Spencer,46116,Ron Schadow,1d,0.0,4,2,0,5,1945.0,6,7,11,6,2025-10-16,08:19PM,Angle Park,530,17.54,"[22.22, 22.72, 30.8]",3.41,"[5.0, 6.3, 10.3]",0.1,1.0,108.7799315849487,155.42521994134896,3.93210150202436,7.2,2.6500000000000004,0.4,0.5,0.7,0.15,0.8,0.0,48.21724387621452
5,xRocklands Gator,5472,Darrell Johnstone,2d,0.0,5,1,4,18,2470.0,FU,80,178,6,2025-10-16,08:19PM,Angle Park,530,,,,"[5.0, 6.3, 10.3]",0.1,1.0,,,,7.2,2.6500000000000004,0.05555555555555555,0.0,0.7,0.15,0.8,0.0,
6,Hot Ruby,112,Robin Harnas,2b,0.0,6,2,1,3,2015.0,4,7,16,6,2025-10-16,08:19PM,Angle Park,530,,,,"[5.0, 6.3, 10.3]",0.1,1.0,,,,7.2,2.6500000000000004,0.6666666666666666,0.5,0.7,0.15,0.8,0.0,
7,Nardo,21544,Al Francis,2d,0.0,7,1,1,5,2225.0,6,17,56,6,2025-10-16,08:19PM,Angle Park,530,22.81,"[30.9, 25.68, 31.1]",5.21,"[5.0, 6.3, 10.3]",0.1,1.0,83.64752301622097,101.7274472168906,2.5092008466619187,7.2,2.6500000000000004,0.2,0.0,0.7,0.15,0.8,0.0,33.503537980477454
8,Oregon Janet,44243,Kim Johnstone,3b,0.0,8,1,26,57,22990.0,58,6,288,6,2025-10-16,08:19PM,Angle Park,530,,,,"[5.0, 6.3, 10.3]",0.1,1.0,,,,7.2,2.6500000000000004,0.017543859649122806,0.5,0.7,0.15,0.8,0.0,
1,Moscow Chick,43165,Ross Smith,2b,0.0,1,16,15,49,33870.0,50,6,20,7,2025-10-16,08:40PM,Angle Park,595,34.2,"[43.22, 34.2, 39.45]",3.26,"[5.0, 6.3, 10.3]",0.1,1.0,62.63157894736841,182.5153374233129,3.698885718098836,7.2,2.6500000000000004,0.32653061224489793,0.5,1.0,0.15,0.8,0.0,49.882499021026696
2,Apilla,11273,Cameron Butcher,3b,0.0,2,15,16,40,157140.0,41,6,80,7,2025-10-16,08:40PM,Angle Park,595,30.67,"[30.67, 43.17, 43.02]",5.31,"[5.0, 6.3, 10.3]",0.1,1.0,69.84023475709161,112.0527306967985,5.857521280845299,7.2,2.6500000000000004,0.375,0.5,1.0,0.15,0.8,0.0,49.42383348100797
3,Fencer Max,56421,Tamica Dunn,2d,0.0,3,6,5,18,12770.0,9,6,6,7,2025-10-16,08:40PM,Angle Park,595,22.97,"[30.5, 30.63, 29.91]",5.21,"[5.0, 6.3, 10.3]",0.1,1.0,93.25206791467131,114.20345489443378,0.3132978703335778,7.2,2.6500000000000004,0.3333333333333333,0.5,1.0,0.15,0.8,0.0,38.36599761978747
4,Our Little Force,35677,Cameron Forshaw,2d,0.0,4,2,19,47,9055.0,48,6,254,7,2025-10-16,08:40PM,Angle Park,595,,,,"[5.0, 6.3, 10.3]",0.1,1.0,,,,7.2,2.6500000000000004,0.0425531914893617,0.5,1.0,0.15,0.8,0.0,
6,Smooth Dynamite,51247,Brenda Oakey,2d,0.0,6,5,6,31,16295.0,32,34,52,7,2025-10-16,08:40PM,Angle Park,595,30.87,"[34.57, 31.18, 34.74]",3.19,"[5.0, 6.3, 10.3]",0.1,1.0,69.38775510204081,186.5203761755486,1.6396002222764217,7.2,2.6500000000000004,0.16129032258064516,0.0,1.0,0.15,0.8,0.0,49.65045658715961
7,Buffy's No Angel,33516,Jason Dolan,2b,0.0,7,5,12,33,8695.0,34,6,14,7,2025-10-16,08:40PM,Angle Park,595,,,,"[5.0, 6.3, 10.3]",0.1,1.0,,,,7.2,2.6500000000000004,0.15151515151515152,0.5,1.0,0.15,0.8,0.0,
8,Scary Eyes,44353,Cameron Forshaw,3d,0.0,8,10,24,54,39830.0,55,6,126,7,2025-10-16,08:40PM,Angle Park,595,19.68,"[34.44, 30.05, 30.32]",5.16,"[5.0, 6.3, 10.3]",0.1,1.0,108.84146341463415,115.31007751937985,2.0088526299579277,7.2,2.6500000000000004,0.18518518518518517,0.5,1.0,0.15,0.8,0.0,43.77165731610391
1,Princess Tilley,21336,Brenda Oakey,2b,0.0,1,11,6,29,15155.0,30,14,34,8,2025-10-16,09:04PM,Angle Park,530,22.87,"[30.5, 30.16, 30.28]",5.15,"[5.0, 6.3, 10.3]",0.1,1.0,83.42807170966331,102.9126213592233,0.14079141387961902,7.2,2.6500000000000004,0.3793103448275862,0.0,0.7,0.15,0.8,0.0,34.79967623864764
2,Zipping Elly May,32584,Abbey Fagan,3b,0.0,2,5,17,56,15840.0,39,6,46,8,2025-10-16,09:04PM,Angle Park,530,23.06,"[30.92, 30.38, 31.35]",3.19,"[5.0, 6.3, 10.3]",0.1,1.0,82.74067649609715,166.14420062695925,0.396848697728605,7.2,2.6500000000000004,0.08928571428571429,0.5,0.7,0.15,0.8,0.0,47.428983612436426
3,Parrakie,45547,Cameron Butcher,3b,0.0,3,9,27,62,23545.0,63,6,42,8,2025-10-16,09:04PM,Angle Park,530,29.86,"[30.68, 30.05, 30.74]",4.46,"[5.0, 6.3, 10.3]",0.1,1.0,63.89819156061621,118.83408071748879,0.3120897306865439,7.2,2.6500000000000004,0.14516129032258066,0.5,0.7,0.15,0.8,0.0,35.91378610872336
4,Ferrero Girl,55543,Tony Hinrichsen,3b,0.0,4,6,8,34,36150.0,30,7,173,8,2025-10-16,09:04PM,Angle Park,530,,,,"[5.0, 6.3, 10.3]",0.1,1.0,,,,7.2,2.6500000000000004,0.17647058823529413,0.5,0.7,0.15,0.8,0.0,
6,Linkin Girl,31341,Cameron Forshaw,4b,0.0,6,15,19,61,65485.0,37,6,6,8,2025-10-16,09:04PM,Angle Park,530,30.89,"[30.92, 30.89, 34.42]",5.34,"[5.0, 6.3, 10.3]",0.1,1.0,61.76756231790223,99.25093632958801,1.657032152843015,7.2,2.6500000000000004,0.2459016393442623,0.5,0.7,0.15,0.8,0.0,36.02620515675609
7,Eldritch,55347,Kirin Corby,3b,0.0,7,8,10,38,20080.0,13,10,91,8,2025-10-16,09:04PM,Angle Park,530,30.05,"[31.12, 30.16, 30.38]",5.15,"[5.0, 6.3, 10.3]",0.1,1.0,63.49417637271214,102.9126213592233,0.4106363625182537,7.2,2.6500000000000004,0.21052631578947367,0.5,0.7,0.15,0.8,0.0,32.345319627161196
8,Hey You Guys,34453,Lauren Harris,2b,0.0,8,7,13,28,15200.0,29,11,108,8,2025-10-16,09:04PM,Angle Park,530,25.64,"[25.86, 25.64, 29.91]",5.31,"[5.0, 6.3, 10.3]",0.1,1.0,74.41497659906396,99.81167608286253,1.9630984579372366,7.2,2.6500000000000004,0.25,0.0,0.7,0.15,0.8,0.0,32.98839155222583
1,Mundulla,12363,Cameron Butcher,3b,0.0,1,9,15,44,19755.0,8,6,66,9,2025-10-16,09:25PM,Angle Park,530,25.57,"[30.33, 25.57, 26.29]",5.21,"[5.0, 6.3, 10.3]",0.1,1.0,74.61869378177552,101.7274472168906,2.094903869446572,7.2,2.6500000000000004,0.20454545454545456,0.5,0.7,0.15,0.8,0.0,33.91169298849819
2,Jan Hewett,32413,Peter Czupak,3b,0.0,2,7,14,29,13245.0,24,4,8,9,2025-10-16,09:25PM,Angle Park,530,22.75,"[22.82, 31.16, 22.75]",3.23,"[5.0, 6.3, 10.3]",0.1,1.0,83.86813186813187,164.08668730650155,3.9481162878292,7.2,2.6500000000000004,0.2413793103448276,1.0,0.7,0.15,0.8,0.0,47.36264473237197
4,Galactic Nemesis,31213,Lauren Harris,2b,0.0,4,13,12,29,27515.0,30,6,27,9,2025-10-16,09:25PM,Angle Park,530,19.43,"[30.41, 30.01, 30.63]",3.17,"[5.0, 6.3, 10.3]",0.1,1.0,98.19866186309831,167.19242902208202,0.25664502073226775,7.2,2.6500000000000004,0.4482758620689655,0.5,0.7,0.15,0.8,0.0,51.18260475836817
5,Random Sass,28442,Paul Fagan,3b,0.0,5,5,19,45,33130.0,24,6,261,9,2025-10-16,09:25PM,Angle Park,530,,,,"[5.0, 6.3, 10.3]",0.1,1.0,,,,7.2,2.6500000000000004,0.1111111111111111,0.5,0.7,0.15,0.8,0.0,
7,Hope's Secret,38486,Tony Hinrichsen,3b,0.0,7,9,15,49,30040.0,50,7,161,9,2025-10-16,09:25PM,Angle Park,530,30.16,"[30.44, 31.12, 30.31]",4.46,"[5.0, 6.3, 10.3]",0.1,1.0,63.26259946949602,118.83408071748879,0.3551838334659335,7.2,2.6500000000000004,0.1836734693877551,0.5,0.7,0.15,0.8,0.0,36.479959141146296
8,Memories Of Rose,34222,Colin Swain,2b,0.0,8,10,13,43,18545.0,44,4,36,9,2025-10-16,09:25PM,Angle Park,530,34.35,"[37.74, 37.73, 37.78]",8.57,"[5.0, 6.3, 10.3]",0.1,1.0,55.54585152838428,61.84364060676779,0.021602468994694052,7.2,2.6500000000000004,0.23255813953488372,1.0,0.7,0.15,0.8,0.0,22.80127772541765
1,Allinga Metro,35472,Paul Fagan,3d,0.0,1,14,26,59,19790.0,60,37,171,10,2025-10-16,09:50PM,Angle Park,342,19.51,"[19.79, 23.1, 19.75]",4.46,"[5.0, 6.3, 10.3]",0.1,1.0,63.10609943618657,76.68161434977578,1.5698619896878416,7.2,2.6500000000000004,0.23728813559322035,0.0,0.7,0.15,0.8,0.0,37.80942610521375
2,Midnight Sun,31561,Robin Harnas,3d,0.0,2,17,17,57,27970.0,58,7,7,10,2025-10-16,09:50PM,Angle Park,342,16.7,"[16.7, 19.57, 30.69]",4.45,"[5.0, 6.3, 10.3]",0.1,1.0,73.7245508982036,76.85393258426966,6.033346224663945,7.2,2.6500000000000004,0.2982456140350877,0.5,0.7,0.15,0.8,0.0,41.082081827558305
3,Allinga Mercury,11325,Paul Fagan,3d,0.0,3,13,30,74,16345.0,75,4,28,10,2025-10-16,09:50PM,Angle Park,342,19.43,"[22.74, 22.73, 19.43]",4.53,"[5.0, 6.3, 10.3]",0.1,1.0,63.365928975810604,75.49668874172185,1.5579972899705428,7.2,2.6500000000000004,0.17567567567567569,1.0,0.7,0.15,0.8,0.0,37.25465984974477
5,Footrot Fan,61512,Bosko Stamenkovic,3b,0.0,5,11,11,32,13230.0,24,7,16,10,2025-10-16,09:50PM,Angle Park,342,16.75,"[22.33, 19.71, 16.75]",4.39,"[5.0, 6.3, 10.3]",0.1,1.0,73.5044776119403,77.90432801822324,2.279434627757993,7.2,2.6500000000000004,0.34375,0.5,0.7,0.15,0.8,0.0,39.69604065924292
6,Oregon Hutan,14262,Brenda Oakey,3d,0.0,6,12,17,41,15630.0,42,4,29,10,2025-10-16,09:50PM,Angle Park,342,22.81,"[22.98, 22.81, 22.87]",8.65,"[5.0, 6.3, 10.3]",0.1,1.0,53.97632617273126,39.53757225433526,0.07039570693981016,7.2,2.6500000000000004,0.2926829268292683,1.0,0.7,0.15,0.8,0.0,24.45482498887675
7,Right Side Up,62112,Brenda Oakey,3d,0.0,7,18,8,39,23600.0,40,8,21,10,2025-10-16,09:50PM,Angle Park,342,19.34,"[22.92, 19.43, 19.57]",4.38,"[5.0, 6.3, 10.3]",0.1,1.0,63.66080661840745,78.08219178082192,1.6132162491949642,7.2,2.6500000000000004,0.46153846153846156,0.5,0.7,0.15,0.8,0.0,38.79613351654165
8,Terrific Izzy,33323,Liz Chegia,3b,0.0,8,13,25,65,23590.0,66,20,95,10,2025-10-16,09:50PM,Angle Park,342,16.64,"[22.41, 16.64, 22.48]",4.39,"[5.0, 6.3, 10.3]",0.1,1.0,73.99038461538461,77.90432801822324,2.7366524563171457,7.2,2.6500000000000004,0.2,0.0,0.7,0.15,0.8,0.0,40.78770795135975
1,xDashing Darley,2364,Michael Stewart,2d,0.0,1,1,5,16,1620.0,FU,86,205,11,2025-10-16,10:11PM,Angle Park,342,,,,"[5.0, 6.3, 10.3]",0.1,1.0,,,,7.2,2.6500000000000004,0.0625,0.0,0.7,0.15,0.8,0.0,
2,Life Of Riley,21362,Paul Fagan,2d,0.0,2,1,5,7,1070.0,8,16,45,11,2025-10-16,10:11PM,Angle Park,342,,,,"[5.0, 6.3, 10.3]",0.1,1.0,,,,7.2,2.6500000000000004,0.14285714285714285,0.0,0.7,0.15,0.8,0.0,
8,Carry On Natasha,23211,Jason Dolan,2b,0.0,8,5,10,17,5370.0,18,4,4,11,2025-10-16,10:11PM,Angle Park,342,16.83,"[22.82, 22.2, 22.3]",4.4,"[5.0, 6.3, 10.3]",0.1,1.0,73.15508021390376,77.72727272727272,0.2717842281418603,7.2,2.6500000000000004,0.29411764705882354,1.0,0.7,0.15,0.8,0.0,38.73169883707554
1,Busting,22711,Judith Hurley,2d,0.0,1,8,6,20,6395.0,21,3,3,12,2025-10-16,10:35PM,Angle Park,342,19.26,"[19.73, 19.26, 22.17]",4.65,"[5.0, 6.3, 10.3]",0.1,1.0,63.92523364485981,73.54838709677419,1.2755216797669713,7.2,2.6500000000000004,0.4,1.0,0.7,0.15,0.8,0.0,35.79533894199256
2,Carry On Izzy,15221,Vadim Roz,2b,0.0,2,5,6,13,2400.0,14,10,10,12,2025-10-16,10:35PM,Angle Park,342,19.47,"[19.56, 19.47, 19.48]",4.54,"[5.0, 6.3, 10.3]",0.1,1.0,63.23574730354392,75.33039647577093,0.04027681991198154,7.2,2.6500000000000004,0.38461538461538464,0.5,0.7,0.15,0.8,0.0,35.679243782897196
6,Oscar Intention,31318,Tamica Dunn,4d,0.0,6,6,15,37,27270.0,14,56,63,12,2025-10-16,10:35PM,Angle Park,342,30.45,"[30.99, 31.03, 31.17]",5.26,"[5.0, 6.3, 10.3]",0.1,1.0,40.433497536945815,65.01901140684411,0.07717224601860262,7.2,2.6500000000000004,0.16216216216216217,0.0,0.7,0.15,0.8,0.0,30.441977757959545
8,Secret Super,11212,Colin Swain,2d,0.0,8,9,8,28,11555.0,26,4,8,12,2025-10-16,10:35PM,Angle Park,342,22.53,"[22.82, 22.95, 22.53]",8.63,"[5.0, 6.3, 10.3]",0.1,1.0,54.647137150466044,39.629200463499416,0.17556258776351516,7.2,2.6500000000000004,0.32142857142857145,1.0,0.7,0.15,0.8,0.0,24.217108555674074
